"firstname","lastname","dob","series_name","series_type","patient_name_new"
"Harry","Potter","July 31, 1980","Harry Potter","Movie","Potter, Harry"
"Hermione","Granger","September 19, 1979","Harry Potter","Movie","Granger, Hermione"
"Ron","Weasley","March 1, 1980","Harry Potter","Movie","Weasley, Ron"
"Albus","Dumbledore","August 1881","Harry Potter","Movie","Dumbledore, Albus"
"Severus","Snape","March 14, 2000","Harry Potter","Movie","Snape, Severus"
"Tom","Riddle","October 18, 1972","Harry Potter","Movie","Riddle, Tom"
"Ginny","Weasley","August 11, 1981","Harry Potter","Movie","Weasley, Ginny"
"Draco","Malfoy","June 5, 1980","Harry Potter","Movie","Malfoy, Draco"
"Neville","Longbottom","July 30, 1980","Harry Potter","Movie","Longbottom, Neville"
"Luna","Lovegood","February 13, 1981","Harry Potter","Movie","Lovegood, Luna"
"Rubeus","Hagrid","June 25, 1983","Harry Potter","Movie","Hagrid, Rubeus"
"Fred","Weasley","April 1, 1978","Harry Potter","Movie","Weasley, Fred"
"George","Weasley","April 1, 1978","Harry Potter","Movie","Weasley, George"
"Lily","Potter","November 05, 1995","Harry Potter","Movie","Potter, Lily"
"James","Potter","September 28, 1996","Harry Potter","Movie","Potter, James"
"Sirius","Black","March 08, 1978","Harry Potter","Movie","Black, Sirius"
"Remus","Lupin","July 10, 1995","Harry Potter","Movie","Lupin, Remus"
"Minerva","McGonagall","March 04, 1978","Harry Potter","Movie","McGonagall, Minerva"
"Molly","Weasley","January 11, 1983","Harry Potter","Movie","Weasley, Molly"
"Arthur","Weasley","October 13, 1981","Harry Potter","Movie","Weasley, Arthur"
"Dudley","Dursley","June 23, 1980","Harry Potter","Movie","Dursley, Dudley"
"Bellatrix","Lestrange","September 09, 1976","Harry Potter","Movie","Lestrange, Bellatrix"
"Filius","Flitwick","July 27, 1979","Harry Potter","Movie","Flitwick, Filius"
"Dolores","Umbridge","May 27, 1976","Harry Potter","Movie","Umbridge, Dolores"
"Percy","Weasley","August 22, 1976","Harry Potter","Movie","Weasley, Percy"
"Charlie","Weasley","December 12, 1972","Harry Potter","Movie","Weasley, Charlie"
"Bill","Weasley","November 29, 1970","Harry Potter","Movie","Weasley, Bill"
"Pomona","Sprout","June 25, 2001","Harry Potter","Movie","Sprout, Pomona"
"Horace","Slughorn","May 08, 2003","Harry Potter","Movie","Slughorn, Horace"
"Garrick","Ollivander","February 01, 1981","Harry Potter","Movie","Ollivander, Garrick"
"Frodo","Baggins","September 06, 1996","Lord of the Rings","Movie","Baggins, Frodo"
"Legolas","Greenleaf","September 15, 1990","Lord of the Rings","Movie","Greenleaf, Legolas"
"Samwise","Gamgee","December 16, 1995","Lord of the Rings","Movie","Gamgee, Samwise"
"Meriadoc","Brandybuck","June 11, 1999","Lord of the Rings","Movie","Brandybuck, Meriadoc"
"Peregrin","Took","June 22, 1977","Lord of the Rings","Movie","Took, Peregrin"
"Luke","Skywalker","January 22, 2000","Star Wars","Movie","Skywalker, Luke"
"Leia","Organa","April 13, 2003","Star Wars","Movie","Organa, Leia"
"Han","Solo","June 19, 1974","Star Wars","Movie","Solo, Han"
"Anakin","Skywalker","April 22, 1994","Star Wars","Movie","Skywalker, Anakin"
"Obi-Wan","Kenobi","September 23, 1994","Star Wars","Movie","Kenobi, Obi-Wan"
"Lando","Calrissian","August 16, 2004","Star Wars","Movie","Calrissian, Lando"
"Boba","Fett","December 25, 1999","Star Wars","Movie","Fett, Boba"
"Mace","Windu","March 14, 1999","Star Wars","Movie","Windu, Mace"
"Qui-Gon","Jinn","July 03, 1998","Star Wars","Movie","Jinn, Qui-Gon"
"Padmé","Amidala","June 26, 1992","Star Wars","Movie","Amidala, Padmé"
"Tony","Stark","May 05, 1984","Marvel Cinematic Universe","Movie","Stark, Tony"
"Steve","Rogers","March 10, 1977","Marvel Cinematic Universe","Movie","Rogers, Steve"
"Thor","Odinson","October 22, 2003","Marvel Cinematic Universe","Movie","Odinson, Thor"
"Bruce","Banner","April 14, 1981","Marvel Cinematic Universe","Movie","Banner, Bruce"
"Natasha","Romanoff","June 03, 1986","Marvel Cinematic Universe","Movie","Romanoff, Natasha"
"Clint","Barton","August 17, 1999","Marvel Cinematic Universe","Movie","Barton, Clint"
"Wanda","Maximoff","November 07, 1992","Marvel Cinematic Universe","Movie","Maximoff, Wanda"
"Sam","Wilson","July 26, 1998","Marvel Cinematic Universe","Movie","Wilson, Sam"
"Bucky","Barnes","July 27, 2001","Marvel Cinematic Universe","Movie","Barnes, Bucky"
"Peter","Parker","June 16, 1974","Marvel Cinematic Universe","Movie","Parker, Peter"
"Stephen","Strange","May 23, 1993","Marvel Cinematic Universe","Movie","Strange, Stephen"
"T'Challa","Udaku","April 12, 1980","Marvel Cinematic Universe","Movie","Udaku, T'Challa"
"Carol","Danvers","September 07, 1988","Marvel Cinematic Universe","Movie","Danvers, Carol"
"Scott","Lang","September 07, 1995","Marvel Cinematic Universe","Movie","Lang, Scott"
"Hope","van Dyne","March 24, 2003","Marvel Cinematic Universe","Movie","van Dyne, Hope"
"James","Rhodes","January 08, 1973","Marvel Cinematic Universe","Movie","Rhodes, James"
"Pepper","Potts","April 25, 1999","Marvel Cinematic Universe","Movie","Potts, Pepper"
"Nick","Fury","August 22, 1985","Marvel Cinematic Universe","Movie","Fury, Nick"
"Maria","Hill","April 08, 1980","Marvel Cinematic Universe","Movie","Hill, Maria"
"Sharon","Carter","April 20, 1972","Marvel Cinematic Universe","Movie","Carter, Sharon"
"Loki","Laufeyson","January 10, 1991","Marvel Cinematic Universe","Movie","Laufeyson, Loki"
"Erik","Killmonger","November 25, 1989","Marvel Cinematic Universe","Movie","Killmonger, Erik"
"Jane","Foster","May 13, 1977","Marvel Cinematic Universe","Movie","Foster, Jane"
"Johann","Schmidt","November 13, 1971","Marvel Cinematic Universe","Movie","Schmidt, Johann"
"Karl","Mordo","September 08, 1975","Marvel Cinematic Universe","Movie","Mordo, Karl"
"Christine","Palmer","October 04, 2001","Marvel Cinematic Universe","Movie","Palmer, Christine"
"Happy","Hogan","May 16, 1983","Marvel Cinematic Universe","Movie","Hogan, Happy"
"Odin","Borson","January 08, 1992","Marvel Cinematic Universe","Movie","Borson, Odin"
"Alexander","Pierce","September 08, 1979","Marvel Cinematic Universe","Movie","Pierce, Alexander"
"Brock","Rumlow","May 09, 1987","Marvel Cinematic Universe","Movie","Rumlow, Brock"
"Jasper","Sitwell","July 26, 1976","Marvel Cinematic Universe","Movie","Sitwell, Jasper"
"Arnim","Zola","August 22, 1979","Marvel Cinematic Universe","Movie","Zola, Arnim"
"Justin","Hammer","October 11, 1992","Marvel Cinematic Universe","Movie","Hammer, Justin"
"Obadiah","Stane","September 19, 2002","Marvel Cinematic Universe","Movie","Stane, Obadiah"
"Aldrich","Killian","May 22, 1979","Marvel Cinematic Universe","Movie","Killian, Aldrich"
"Maya","Hansen","November 11, 1982","Marvel Cinematic Universe","Movie","Hansen, Maya"
"Trevor","Slattery","April 26, 1994","Marvel Cinematic Universe","Movie","Slattery, Trevor"
"President","Ellis","September 23, 1976","Marvel Cinematic Universe","Movie","Ellis, President"
"Harley","Keener","April 24, 1995","Marvel Cinematic Universe","Movie","Keener, Harley"
"Cassie","Lang","September 05, 1978","Marvel Cinematic Universe","Movie","Lang, Cassie"
"Agatha","Harkness","June 27, 1992","Marvel Cinematic Universe","Movie","Harkness, Agatha"
"Billy","Maximoff","October 10, 1970","Marvel Cinematic Universe","Movie","Maximoff, Billy"
"Tommy","Maximoff","October 27, 1986","Marvel Cinematic Universe","Movie","Maximoff, Tommy"
"John","Walker","July 28, 1990","Marvel Cinematic Universe","Movie","Walker, John"
"Isaiah","Bradley","September 20, 1995","Marvel Cinematic Universe","Movie","Bradley, Isaiah"
"Karli","Morgenthau","February 17, 1975","Marvel Cinematic Universe","Movie","Morgenthau, Karli"
"Yelena","Belova","March 25, 1989","Marvel Cinematic Universe","Movie","Belova, Yelena"
"Alexei","Shostakov","February 04, 2002","Marvel Cinematic Universe","Movie","Shostakov, Alexei"
"Antonia","Dreykov","January 05, 1979","Marvel Cinematic Universe","Movie","Dreykov, Antonia"
"Kamala","Khan","August 23, 1994","Marvel Cinematic Universe","Movie","Khan, Kamala"
"Marc","Spector","May 13, 1994","Marvel Cinematic Universe","Movie","Spector, Marc"
"Arthur","Harrow","October 06, 1987","Marvel Cinematic Universe","Movie","Harrow, Arthur"
"Jen","Walters","September 16, 1976","Marvel Cinematic Universe","Movie","Walters, Jen"
"Emil","Blonsky","May 13, 1986","Marvel Cinematic Universe","Movie","Blonsky, Emil"
"Eric","Brooks","May 08, 1997","Marvel Cinematic Universe","Movie","Brooks, Eric"
"Jack","Russell","April 18, 1976","Marvel Cinematic Universe","Movie","Russell, Jack"
"Elsa","Bloodstone","January 01, 1998","Marvel Cinematic Universe","Movie","Bloodstone, Elsa"
"Namor","McKenzie","January 02, 1971","Marvel Cinematic Universe","Movie","McKenzie, Namor"
"Riri","Williams","August 17, 1982","Marvel Cinematic Universe","Movie","Williams, Riri"
"Janet","van Dyne","February 02, 1972","Marvel Cinematic Universe","Movie","van Dyne, Janet"
"Hank","Pym","September 13, 1981","Marvel Cinematic Universe","Movie","Pym, Hank"
"Kraglin","Obfonteri","October 10, 1975","Marvel Cinematic Universe","Movie","Obfonteri, Kraglin"
"Peter","Quill","March 04, 1985","Marvel Cinematic Universe","Movie","Quill, Peter"
"Monica","Rambeau","November 03, 1996","Marvel Cinematic Universe","Movie","Rambeau, Monica"
"Jimmy","Woo","March 16, 1992","Marvel Cinematic Universe","Movie","Woo, Jimmy"
"Darcy","Lewis","July 03, 1971","Marvel Cinematic Universe","Movie","Lewis, Darcy"
"Ned","Leeds","July 09, 1978","Marvel Cinematic Universe","Movie","Leeds, Ned"
"Michelle","Jones","February 22, 2005","Marvel Cinematic Universe","Movie","Jones, Michelle"
"Flash","Thompson","November 07, 1997","Marvel Cinematic Universe","Movie","Thompson, Flash"
"Liz","Toomes","March 12, 2002","Marvel Cinematic Universe","Movie","Toomes, Liz"
"Adrian","Toomes","May 17, 2003","Marvel Cinematic Universe","Movie","Toomes, Adrian"
"Quentin","Beck","March 25, 1981","Marvel Cinematic Universe","Movie","Beck, Quentin"
"Helmut","Zemo","March 25, 1972","Marvel Cinematic Universe","Movie","Zemo, Helmut"
"Taneleer","Tivan","January 06, 1987","Marvel Cinematic Universe","Movie","Tivan, Taneleer"
"Maria","Rambeau","October 13, 2001","Marvel Cinematic Universe","Movie","Rambeau, Maria"
"Howard","Stark","June 20, 1989","Marvel Cinematic Universe","Movie","Stark, Howard"
"Peggy","Carter","April 09, 1998","Marvel Cinematic Universe","Movie","Carter, Peggy"
"Abraham","Erskine","July 10, 1977","Marvel Cinematic Universe","Movie","Erskine, Abraham"
"Chester","Phillips","February 08, 1986","Marvel Cinematic Universe","Movie","Phillips, Chester"
"Gabe","Jones","January 12, 1980","Marvel Cinematic Universe","Movie","Jones, Gabe"
"Jim","Morita","March 13, 1971","Marvel Cinematic Universe","Movie","Morita, Jim"
"Jacques","Dernier","March 22, 1982","Marvel Cinematic Universe","Movie","Dernier, Jacques"
"Dum Dum","Dugan","October 16, 1999","Marvel Cinematic Universe","Movie","Dugan, Dum Dum"
"Georges","Batroc","April 18, 1974","Marvel Cinematic Universe","Movie","Batroc, Georges"
"Ulysses","Klaue","December 17, 2002","Marvel Cinematic Universe","Movie","Klaue, Ulysses"
"Ava","Starr","May 28, 1981","Marvel Cinematic Universe","Movie","Starr, Ava"
"Darren","Cross","February 12, 1971","Marvel Cinematic Universe","Movie","Cross, Darren"
"Nathaniel","Richards","October 15, 1975","Marvel Cinematic Universe","Movie","Richards, Nathaniel"
"James","Kirk","November 03, 1988","Star Trek","Movie","Kirk, James"
"Leonard","McCoy","August 01, 2002","Star Trek","Movie","McCoy, Leonard"
"Nyota","Uhura","April 24, 1980","Star Trek","Movie","Uhura, Nyota"
"Hikaru","Sulu","October 24, 1979","Star Trek","Movie","Sulu, Hikaru"
"Pavel","Chekov","July 18, 1997","Star Trek","Movie","Chekov, Pavel"
"Jean-Luc","Picard","April 27, 1986","Star Trek","Movie","Picard, Jean-Luc"
"William","Riker","May 11, 1978","Star Trek","Movie","Riker, William"
"Deanna","Troi","February 05, 1977","Star Trek","Movie","Troi, Deanna"
"Beverly","Crusher","February 06, 1998","Star Trek","Movie","Crusher, Beverly"
"Geordi","La Forge","October 09, 1979","Star Trek","Movie","La Forge, Geordi"
"Kathryn","Janeway","July 06, 1980","Star Trek","Movie","Janeway, Kathryn"
"B'Elanna","Torres","December 19, 2001","Star Trek","Movie","Torres, B'Elanna"
"Tom","Paris","August 27, 1996","Star Trek","Movie","Paris, Tom"
"Harry","Kim","July 04, 1999","Star Trek","Movie","Kim, Harry"
"Benjamin","Sisko","December 03, 1993","Star Trek","Movie","Sisko, Benjamin"
"Kira","Nerys","April 23, 1975","Star Trek","Movie","Nerys, Kira"
"Julian","Bashir","April 10, 1999","Star Trek","Movie","Bashir, Julian"
"Miles","O'Brien","June 19, 1994","Star Trek","Movie","O'Brien, Miles"
"Michael","Burnham","September 25, 2005","Star Trek","Movie","Burnham, Michael"
"Sylvia","Tilly","April 22, 1973","Star Trek","Movie","Tilly, Sylvia"
"Paul","Stamets","July 15, 1993","Star Trek","Movie","Stamets, Paul"
"Hugh","Culber","March 08, 1984","Star Trek","Movie","Culber, Hugh"
"Christopher","Pike","October 05, 2000","Star Trek","Movie","Pike, Christopher"
"Una","Chin-Riley","September 11, 1985","Star Trek","Movie","Chin-Riley, Una"
"La'an","Noonien-Singh","October 23, 1999","Star Trek","Movie","Noonien-Singh, La'an"
"Christine","Chapel","September 06, 2003","Star Trek","Movie","Chapel, Christine"
"Erica","Ortegas","June 18, 1989","Star Trek","Movie","Ortegas, Erica"
"Joseph","M'Benga","August 08, 1971","Star Trek","Movie","M'Benga, Joseph"
"Wesley","Crusher","May 25, 1980","Star Trek","Movie","Crusher, Wesley"
"Tasha","Yar","March 23, 1976","Star Trek","Movie","Yar, Tasha"
"Ro","Laren","November 10, 1977","Star Trek","Movie","Laren, Ro"
"Reginald","Barclay","July 06, 1986","Star Trek","Movie","Barclay, Reginald"
"Elim","Garak","December 17, 1975","Star Trek","Movie","Garak, Elim"
"Amanda","Grayson","December 15, 2004","Star Trek","Movie","Grayson, Amanda"
"Will","Decker","January 05, 1989","Star Trek","Movie","Decker, Will"
"Khan","Noonien Singh","April 02, 1980","Star Trek","Movie","Noonien Singh, Khan"
"Carol","Marcus","March 27, 1979","Star Trek","Movie","Marcus, Carol"
"David","Marcus","June 12, 1976","Star Trek","Movie","Marcus, David"
"Montgomery","Scott","May 23, 2005","Star Trek","Movie","Scott, Montgomery"
"Janice","Rand","August 04, 2003","Star Trek","Movie","Rand, Janice"
"Gabriel","Lorca","October 23, 1998","Star Trek","Movie","Lorca, Gabriel"
"Ash","Tyler","June 01, 1980","Star Trek","Movie","Tyler, Ash"
"Philippa","Georgiou","January 02, 1972","Star Trek","Movie","Georgiou, Philippa"
"Jet","Reno","August 26, 1971","Star Trek","Movie","Reno, Jet"
"Raffi","Musiker","September 13, 1989","Star Trek","Movie","Musiker, Raffi"
"Agnes","Jurati","August 03, 1976","Star Trek","Movie","Jurati, Agnes"
"Cristobal","Rios","June 16, 2000","Star Trek","Movie","Rios, Cristobal"
"Jonathan","Archer","August 01, 1991","Star Trek","Movie","Archer, Jonathan"
"Charles","Tucker","August 24, 2000","Star Trek","Movie","Tucker, Charles"
"Malcolm","Reed","July 05, 1999","Star Trek","Movie","Reed, Malcolm"
"Hoshi","Sato","January 26, 2001","Star Trek","Movie","Sato, Hoshi"
"Travis","Mayweather","October 04, 1992","Star Trek","Movie","Mayweather, Travis"
"Garth","of Izar","November 04, 1977","Star Trek","Movie","of Izar, Garth"
"Gary","Mitchell","July 01, 1972","Star Trek","Movie","Mitchell, Gary"
"Elizabeth","Dehner","December 26, 1995","Star Trek","Movie","Dehner, Elizabeth"
"Naomi","Wildman","July 21, 1986","Star Trek","Movie","Wildman, Naomi"
"Jake","Sisko","June 09, 1979","Star Trek","Movie","Sisko, Jake"
"Katniss","Everdeen","January 16, 1977","The Hunger Games","Movie","Everdeen, Katniss"
"Peeta","Mellark","August 14, 1971","The Hunger Games","Movie","Mellark, Peeta"
"Gale","Hawthorne","October 08, 1981","The Hunger Games","Movie","Hawthorne, Gale"
"Haymitch","Abernathy","September 09, 1977","The Hunger Games","Movie","Abernathy, Haymitch"
"Effie","Trinket","March 08, 2002","The Hunger Games","Movie","Trinket, Effie"
"Coriolanus","Snow","January 09, 1971","The Hunger Games","Movie","Snow, Coriolanus"
"Primrose","Everdeen","April 14, 1976","The Hunger Games","Movie","Everdeen, Primrose"
"Finnick","Odair","July 04, 1985","The Hunger Games","Movie","Odair, Finnick"
"Johanna","Mason","September 27, 1981","The Hunger Games","Movie","Mason, Johanna"
"Beetee","Latier","April 10, 1982","The Hunger Games","Movie","Latier, Beetee"
"Plutarch","Heavensbee","September 12, 1999","The Hunger Games","Movie","Heavensbee, Plutarch"
"Alma","Coin","July 25, 1977","The Hunger Games","Movie","Coin, Alma"
"Madge","Undersee","March 17, 1984","The Hunger Games","Movie","Undersee, Madge"
"Romulus","Thread","October 03, 1992","The Hunger Games","Movie","Thread, Romulus"
"Seneca","Crane","July 04, 1975","The Hunger Games","Movie","Crane, Seneca"
"Claudius","Templesmith","January 16, 1979","The Hunger Games","Movie","Templesmith, Claudius"
"Caesar","Flickerman","May 03, 1977","The Hunger Games","Movie","Flickerman, Caesar"
"Volumnia","Gaul","December 06, 1983","The Hunger Games","Movie","Gaul, Volumnia"
"Sejanus","Plinth","January 20, 1978","The Hunger Games","Movie","Plinth, Sejanus"
"Lucy","Gray Baird","May 02, 1988","The Hunger Games","Movie","Gray Baird, Lucy"
"Maude","Ivory Baird","December 20, 1970","The Hunger Games","Movie","Ivory Baird, Maude"
"Clemensia","Dovecote","April 27, 1999","The Hunger Games","Movie","Dovecote, Clemensia"
"Lysistrata","Vickers","October 11, 1995","The Hunger Games","Movie","Vickers, Lysistrata"
"Casca","Highbottom","June 04, 1974","The Hunger Games","Movie","Highbottom, Casca"
"Lucky","Flickerman","March 01, 1988","The Hunger Games","Movie","Flickerman, Lucky"
"Strabo","Plinth","July 09, 1974","The Hunger Games","Movie","Plinth, Strabo"
"Billy","Taupe","August 17, 1994","The Hunger Games","Movie","Taupe, Billy"
"Mayfair","Lipp","May 24, 1990","The Hunger Games","Movie","Lipp, Mayfair"
"Arachne","Crane","February 22, 1981","The Hunger Games","Movie","Crane, Arachne"
"Jack","Sparrow","April 10, 1987","Pirates of the Caribbean","Movie","Sparrow, Jack"
"Will","Turner","June 08, 1992","Pirates of the Caribbean","Movie","Turner, Will"
"Elizabeth","Swann","August 11, 1970","Pirates of the Caribbean","Movie","Swann, Elizabeth"
"Hector","Barbossa","September 24, 1980","Pirates of the Caribbean","Movie","Barbossa, Hector"
"James","Norrington","April 12, 1984","Pirates of the Caribbean","Movie","Norrington, James"
"Joshamee","Gibbs","April 03, 1994","Pirates of the Caribbean","Movie","Gibbs, Joshamee"
"Davy","Jones","April 24, 1976","Pirates of the Caribbean","Movie","Jones, Davy"
"Bootstrap Bill","Turner","June 04, 1993","Pirates of the Caribbean","Movie","Turner, Bootstrap Bill"
"Tia","Dalma","November 10, 1972","Pirates of the Caribbean","Movie","Dalma, Tia"
"Cutler","Beckett","July 05, 1998","Pirates of the Caribbean","Movie","Beckett, Cutler"
"Sao","Feng","September 11, 1993","Pirates of the Caribbean","Movie","Feng, Sao"
"Governor Weatherby","Swann","March 28, 1979","Pirates of the Caribbean","Movie","Swann, Governor Weatherby"
"Philip","Swift","October 13, 2000","Pirates of the Caribbean","Movie","Swift, Philip"
"Edward","Teach","March 18, 1993","Pirates of the Caribbean","Movie","Teach, Edward"
"Angelica","Teach","August 12, 1979","Pirates of the Caribbean","Movie","Teach, Angelica"
"Armando","Salazar","July 07, 2001","Pirates of the Caribbean","Movie","Salazar, Armando"
"Henry","Turner","April 01, 1986","Pirates of the Caribbean","Movie","Turner, Henry"
"Carina","Smyth","October 02, 1979","Pirates of the Caribbean","Movie","Smyth, Carina"
"Teague","Sparrow","July 15, 1984","Pirates of the Caribbean","Movie","Sparrow, Teague"
"Margaret","Smyth","February 06, 2004","Pirates of the Caribbean","Movie","Smyth, Margaret"
"Lana","Turner","July 25, 1978","Pirates of the Caribbean","Movie","Turner, Lana"
"Margarita","Swann","June 16, 1984","Pirates of the Caribbean","Movie","Swann, Margarita"
"David","Jones","September 21, 1977","Pirates of the Caribbean","Movie","Jones, David"
"Sarah","Turner","February 24, 1978","Pirates of the Caribbean","Movie","Turner, Sarah"
"William","Turner Sr.","April 07, 1980","Pirates of the Caribbean","Movie","Turner Sr., William"
"Elizabeth","Swann Jr.","June 01, 1980","Pirates of the Caribbean","Movie","Swann Jr., Elizabeth"
"James","Gibbs","December 26, 1980","Pirates of the Caribbean","Movie","Gibbs, James"
"Maria","Barbossa","October 25, 1990","Pirates of the Caribbean","Movie","Barbossa, Maria"
"Thomas","Norrington","March 02, 1972","Pirates of the Caribbean","Movie","Norrington, Thomas"
"Hannah","Gibbs","August 02, 1997","Pirates of the Caribbean","Movie","Gibbs, Hannah"
"Paul","Atreides","July 17, 1975","Dune","Movie","Atreides, Paul"
"Jessica","Atreides","July 13, 2001","Dune","Movie","Atreides, Jessica"
"Leto","Atreides","June 11, 1977","Dune","Movie","Atreides, Leto"
"Gurney","Halleck","July 23, 1986","Dune","Movie","Halleck, Gurney"
"Duncan","Idaho","January 08, 1988","Dune","Movie","Idaho, Duncan"
"Thufir","Hawat","October 27, 1984","Dune","Movie","Hawat, Thufir"
"Vladimir","Harkonnen","January 18, 1986","Dune","Movie","Harkonnen, Vladimir"
"Glossu","Rabban","April 27, 1987","Dune","Movie","Rabban, Glossu"
"Piter","De Vries","May 09, 1979","Dune","Movie","De Vries, Piter"
"Gaius Helen","Mohiam","March 23, 2000","Dune","Movie","Mohiam, Gaius Helen"
"Irulan","Corrino","December 12, 1987","Dune","Movie","Corrino, Irulan"
"Feyd-Rautha","Harkonnen","May 24, 1997","Dune","Movie","Harkonnen, Feyd-Rautha"
"Margot","Fenring","April 23, 2005","Dune","Movie","Fenring, Margot"
"Hasimir","Fenring","February 18, 1974","Dune","Movie","Fenring, Hasimir"
"Wellington","Yueh","November 19, 1981","Dune","Movie","Yueh, Wellington"
"Liet","Kynes","October 09, 1987","Dune","Movie","Kynes, Liet"
"Jon","Snow","June 19, 2004","Game of Thrones","TV","Snow, Jon"
"Daenerys","Targaryen","January 02, 1977","Game of Thrones","TV","Targaryen, Daenerys"
"Tyrion","Lannister","May 04, 1974","Game of Thrones","TV","Lannister, Tyrion"
"Cersei","Lannister","July 03, 1996","Game of Thrones","TV","Lannister, Cersei"
"Jaime","Lannister","October 07, 1984","Game of Thrones","TV","Lannister, Jaime"
"Arya","Stark","February 18, 1976","Game of Thrones","TV","Stark, Arya"
"Sansa","Stark","March 08, 1987","Game of Thrones","TV","Stark, Sansa"
"Bran","Stark","January 07, 1978","Game of Thrones","TV","Stark, Bran"
"Ned","Stark","August 01, 1999","Game of Thrones","TV","Stark, Ned"
"Robert","Baratheon","March 25, 1978","Game of Thrones","TV","Baratheon, Robert"
"Joffrey","Baratheon","November 04, 1971","Game of Thrones","TV","Baratheon, Joffrey"
"Margaery","Tyrell","November 28, 1989","Game of Thrones","TV","Tyrell, Margaery"
"Samwell","Tarly","June 14, 1987","Game of Thrones","TV","Tarly, Samwell"
"Davos","Seaworth","December 23, 1972","Game of Thrones","TV","Seaworth, Davos"
"Petyr","Baelish","December 07, 1972","Game of Thrones","TV","Baelish, Petyr"
"Theon","Greyjoy","July 23, 1992","Game of Thrones","TV","Greyjoy, Theon"
"Yara","Greyjoy","August 01, 1993","Game of Thrones","TV","Greyjoy, Yara"
"Ramsay","Bolton","September 17, 1998","Game of Thrones","TV","Bolton, Ramsay"
"Roose","Bolton","September 10, 1975","Game of Thrones","TV","Bolton, Roose"
"Oberyn","Martell","August 12, 1995","Game of Thrones","TV","Martell, Oberyn"
"Brienne","Tarth","August 16, 2001","Game of Thrones","TV","Tarth, Brienne"
"Sandor","Clegane","July 01, 2001","Game of Thrones","TV","Clegane, Sandor"
"Gregor","Clegane","October 25, 1999","Game of Thrones","TV","Clegane, Gregor"
"Tywin","Lannister","August 22, 1972","Game of Thrones","TV","Lannister, Tywin"
"Olenna","Tyrell","April 03, 1986","Game of Thrones","TV","Tyrell, Olenna"
"Geralt","Rivia","May 23, 1983","The Witcher","Game","Rivia, Geralt"
"Yennefer","Vengerberg","August 20, 1993","The Witcher","Game","Vengerberg, Yennefer"
"Triss","Merigold","June 18, 1979","The Witcher","Game","Merigold, Triss"
"Jaskier","Pankratz","September 03, 1986","The Witcher","Game","Pankratz, Jaskier"
"Vilgefortz","Roggeveen","September 16, 1990","The Witcher","Game","Roggeveen, Vilgefortz"
"Emhyr","Emreis","March 03, 1995","The Witcher","Game","Emreis, Emhyr"
"Percy","Jackson","April 15, 1995","Percy Jackson","Book","Jackson, Percy"
"Annabeth","Chase","December 19, 1994","Percy Jackson","Book","Chase, Annabeth"
"Grover","Underwood","December 22, 1998","Percy Jackson","Book","Underwood, Grover"
"Luke","Castellan","September 20, 1990","Percy Jackson","Book","Castellan, Luke"
"Thalia","Grace","March 23, 1998","Percy Jackson","Book","Grace, Thalia"
"Clarisse","La Rue","August 13, 1974","Percy Jackson","Book","La Rue, Clarisse"
"Nico","di Angelo","December 12, 1992","Percy Jackson","Book","di Angelo, Nico"
"Jason","Grace","June 24, 1977","Percy Jackson","Book","Grace, Jason"
"Piper","McLean","November 23, 1985","Percy Jackson","Book","McLean, Piper"
"Leo","Valdez","November 12, 1999","Percy Jackson","Book","Valdez, Leo"
"Frank","Zhang","January 22, 1984","Percy Jackson","Book","Zhang, Frank"
"Hazel","Levesque","June 10, 1979","Percy Jackson","Book","Levesque, Hazel"
"Will","Solace","September 25, 2005","Percy Jackson","Book","Solace, Will"
"Rachel","Dare","October 20, 1999","Percy Jackson","Book","Dare, Rachel"
"Cloud","Strife","September 19, 1996","Final Fantasy VII","Game","Strife, Cloud"
"Tifa","Lockhart","February 23, 2004","Final Fantasy VII","Game","Lockhart, Tifa"
"Aerith","Gainsborough","January 03, 1981","Final Fantasy VII","Game","Gainsborough, Aerith"
"Barret","Wallace","July 13, 1998","Final Fantasy VII","Game","Wallace, Barret"
"Sephiroth","Crescent","September 15, 2003","Final Fantasy VII","Game","Crescent, Sephiroth"
"Zack","Fair","October 09, 1970","Final Fantasy VII","Game","Fair, Zack"
"Vincent","Valentine","June 07, 1992","Final Fantasy VII","Game","Valentine, Vincent"
"Reeve","Tuesti","October 16, 1985","Final Fantasy VII","Game","Tuesti, Reeve"
