"firstname","lastname","dob","series_name","series_type","patient_name_new"
"Harry","Potter","July 31, 1980","Harry Potter","Movie","Potter, Harry"
"Hermione","Granger","September 19, 1979","Harry Potter","Movie","Granger, Hermione"
"Ron","Weasley","March 1, 1980","Harry Potter","Movie","Weasley, Ron"
"Albus","Dumbledore","August 1881","Harry Potter","Movie","Dumbledore, Albus"
"Severus","Snape","March 14, 2000","Harry Potter","Movie","Snape, Severus"
"Tom","Riddle","October 18, 1972","Harry Potter","Movie","Riddle, Tom"
"Ginny","Weasley","August 11, 1981","Harry Potter","Movie","Weasley, Ginny"
"Draco","Malfoy","June 5, 1980","Harry Potter","Movie","Malfoy, Draco"
"Neville","Longbottom","July 30, 1980","Harry Potter","Movie","Longbottom, Neville"
"Luna","Lovegood","February 13, 1981","Harry Potter","Movie","Lovegood, Luna"
"Rubeus","Hagrid","June 25, 1983","Harry Potter","Movie","Hagrid, Rubeus"
"Fred","Weasley","April 1, 1978","Harry Potter","Movie","Weasley, Fred"
"George","Weasley","April 1, 1978","Harry Potter","Movie","Weasley, George"
"Lily","Potter","November 05, 1995","Harry Potter","Movie","Potter, Lily"
"James","Potter","September 28, 1996","Harry Potter","Movie","Potter, James"
"Sirius","Black","March 08, 1978","Harry Potter","Movie","Black, Sirius"
"Remus","Lupin","July 10, 1995","Harry Potter","Movie","Lupin, Remus"
"Minerva","McGonagall","March 04, 1978","Harry Potter","Movie","McGonagall, Minerva"
"Molly","Weasley","January 11, 1983","Harry Potter","Movie","Weasley, Molly"
"Arthur","Weasley","October 13, 1981","Harry Potter","Movie","Weasley, Arthur"
"Dudley","Dursley","June 23, 1980","Harry Potter","Movie","Dursley, Dudley"
"Bellatrix","Lestrange","September 09, 1976","Harry Potter","Movie","Lestrange, Bellatrix"
"Filius","Flitwick","July 27, 1979","Harry Potter","Movie","Flitwick, Filius"
"Dolores","Umbridge","May 27, 1976","Harry Potter","Movie","Umbridge, Dolores"
"Percy","Weasley","August 22, 1976","Harry Potter","Movie","Weasley, Percy"
"Charlie","Weasley","December 12, 1972","Harry Potter","Movie","Weasley, Charlie"
"Bill","Weasley","November 29, 1970","Harry Potter","Movie","Weasley, Bill"
"Pomona","Sprout","June 25, 2001","Harry Potter","Movie","Sprout, Pomona"
"Horace","Slughorn","May 08, 2003","Harry Potter","Movie","Slughorn, Horace"
"Garrick","Ollivander","February 01, 1981","Harry Potter","Movie","Ollivander, Garrick"
"Kingsley","Shacklebolt","September 06, 1996","Harry Potter","Movie","Shacklebolt, Kingsley"
"Nymphadora","Tonks","September 15, 1990","Harry Potter","Movie","Tonks, Nymphadora"
"Alastor","Moody","December 16, 1995","Harry Potter","Movie","Moody, Alastor"
"Aberforth","Dumbledore","June 11, 1999","Harry Potter","Movie","Dumbledore, Aberforth"
"Lucius","Malfoy","June 22, 1977","Harry Potter","Movie","Malfoy, Lucius"
"Narcissa","Malfoy","January 22, 2000","Harry Potter","Movie","Malfoy, Narcissa"
"Peter","Pettigrew","April 13, 2003","Harry Potter","Movie","Pettigrew, Peter"
"Barty","Crouch","June 19, 1974","Harry Potter","Movie","Crouch, Barty"
"Igor","Karkaroff","April 22, 1994","Harry Potter","Movie","Karkaroff, Igor"
"Antonin","Dolohov","September 23, 1994","Harry Potter","Movie","Dolohov, Antonin"
"Corban","Yaxley","August 16, 2004","Harry Potter","Movie","Yaxley, Corban"
"Cornelius","Fudge","December 25, 1999","Harry Potter","Movie","Fudge, Cornelius"
"Rufus","Scrimgeour","March 14, 1999","Harry Potter","Movie","Scrimgeour, Rufus"
"Sybill","Trelawney","July 03, 1998","Harry Potter","Movie","Trelawney, Sybill"
"Argus","Filch","June 26, 1992","Harry Potter","Movie","Filch, Argus"
"Poppy","Pomfrey","May 05, 1984","Harry Potter","Movie","Pomfrey, Poppy"
"Rita","Skeeter","March 10, 1977","Harry Potter","Movie","Skeeter, Rita"
"Xenophilius","Lovegood","October 22, 2003","Harry Potter","Movie","Lovegood, Xenophilius"
"Fleur","Delacour","April 14, 1981","Harry Potter","Movie","Delacour, Fleur"
"Viktor","Krum","June 03, 1986","Harry Potter","Movie","Krum, Viktor"
"Cedric","Diggory","August 17, 1999","Harry Potter","Movie","Diggory, Cedric"
"Cho","Chang","November 07, 1992","Harry Potter","Movie","Chang, Cho"
"Seamus","Finnigan","July 26, 1998","Harry Potter","Movie","Finnigan, Seamus"
"Dean","Thomas","July 27, 2001","Harry Potter","Movie","Thomas, Dean"
"Parvati","Patil","June 16, 1974","Harry Potter","Movie","Patil, Parvati"
"Padma","Patil","May 23, 1993","Harry Potter","Movie","Patil, Padma"
"Gregory","Goyle","April 12, 1980","Harry Potter","Movie","Goyle, Gregory"
"Vincent","Crabbe","September 07, 1988","Harry Potter","Movie","Crabbe, Vincent"
"Pansy","Parkinson","September 07, 1995","Harry Potter","Movie","Parkinson, Pansy"
"Frodo","Baggins","March 24, 2003","Lord of the Rings","Movie","Baggins, Frodo"
"Legolas","Greenleaf","January 08, 1973","Lord of the Rings","Movie","Greenleaf, Legolas"
"Samwise","Gamgee","April 25, 1999","Lord of the Rings","Movie","Gamgee, Samwise"
"Meriadoc","Brandybuck","August 22, 1985","Lord of the Rings","Movie","Brandybuck, Meriadoc"
"Peregrin","Took","April 08, 1980","Lord of the Rings","Movie","Took, Peregrin"
"Bilbo","Baggins","April 20, 1972","Lord of the Rings","Movie","Baggins, Bilbo"
"Luke","Skywalker","January 10, 1991","Star Wars","Movie","Skywalker, Luke"
"Leia","Organa","November 25, 1989","Star Wars","Movie","Organa, Leia"
"Han","Solo","May 13, 1977","Star Wars","Movie","Solo, Han"
"Anakin","Skywalker","November 13, 1971","Star Wars","Movie","Skywalker, Anakin"
"Obi-Wan","Kenobi","September 08, 1975","Star Wars","Movie","Kenobi, Obi-Wan"
"Lando","Calrissian","October 04, 2001","Star Wars","Movie","Calrissian, Lando"
"Boba","Fett","May 16, 1983","Star Wars","Movie","Fett, Boba"
"Mace","Windu","January 08, 1992","Star Wars","Movie","Windu, Mace"
"Qui-Gon","Jinn","September 08, 1979","Star Wars","Movie","Jinn, Qui-Gon"
"Padmé","Amidala","May 09, 1987","Star Wars","Movie","Amidala, Padmé"
"Shmi","Skywalker","July 26, 1976","Star Wars","Movie","Skywalker, Shmi"
"Jango","Fett","August 22, 1979","Star Wars","Movie","Fett, Jango"
"Count","Dooku","October 11, 1992","Star Wars","Movie","Dooku, Count"
"Bail","Organa","September 19, 2002","Star Wars","Movie","Organa, Bail"
"Mon","Mothma","May 22, 1979","Star Wars","Movie","Mothma, Mon"
"Nute","Gunray","November 11, 1982","Star Wars","Movie","Gunray, Nute"
"Ki-Adi","Mundi","April 26, 1994","Star Wars","Movie","Mundi, Ki-Adi"
"Plo","Koon","September 23, 1976","Star Wars","Movie","Koon, Plo"
"Kit","Fisto","April 24, 1995","Star Wars","Movie","Fisto, Kit"
"Aayla","Secura","September 05, 1978","Star Wars","Movie","Secura, Aayla"
"Shaak","Ti","June 27, 1992","Star Wars","Movie","Ti, Shaak"
"Luminara","Unduli","October 10, 1970","Star Wars","Movie","Unduli, Luminara"
"Barriss","Offee","October 27, 1986","Star Wars","Movie","Offee, Barriss"
"Zam","Wesell","July 28, 1990","Star Wars","Movie","Wesell, Zam"
"Ben","Solo","September 20, 1995","Star Wars","Movie","Solo, Ben"
"Armitage","Hux","February 17, 1975","Star Wars","Movie","Hux, Armitage"
"Poe","Dameron","March 25, 1989","Star Wars","Movie","Dameron, Poe"
"Rose","Tico","February 04, 2002","Star Wars","Movie","Tico, Rose"
"Ahsoka","Tano","January 05, 1979","Star Wars","Movie","Tano, Ahsoka"
"Hera","Syndulla","August 23, 1994","Star Wars","Movie","Syndulla, Hera"
"Kanan","Jarrus","May 13, 1994","Star Wars","Movie","Jarrus, Kanan"
"Ezra","Bridger","October 06, 1987","Star Wars","Movie","Bridger, Ezra"
"Sabine","Wren","September 16, 1976","Star Wars","Movie","Wren, Sabine"
"Gar","Saxon","May 13, 1986","Star Wars","Movie","Saxon, Gar"
"Pre","Vizsla","May 08, 1997","Star Wars","Movie","Vizsla, Pre"
"Satine","Kryze","April 18, 1976","Star Wars","Movie","Kryze, Satine"
"Asajj","Ventress","January 01, 1998","Star Wars","Movie","Ventress, Asajj"
"Cad","Bane","January 02, 1971","Star Wars","Movie","Bane, Cad"
"Din","Djarin","August 17, 1982","Star Wars","Movie","Djarin, Din"
"Bo-Katan","Kryze","February 02, 1972","Star Wars","Movie","Kryze, Bo-Katan"
"Moff","Gideon","September 13, 1981","Star Wars","Movie","Gideon, Moff"
"Cara","Dune","October 10, 1975","Star Wars","Movie","Dune, Cara"
"Greef","Karga","March 04, 1985","Star Wars","Movie","Karga, Greef"
"Fennec","Shand","November 03, 1996","Star Wars","Movie","Shand, Fennec"
"Tony","Stark","March 16, 1992","Marvel Cinematic Universe","Movie","Stark, Tony"
"Steve","Rogers","July 03, 1971","Marvel Cinematic Universe","Movie","Rogers, Steve"
"Thor","Odinson","July 09, 1978","Marvel Cinematic Universe","Movie","Odinson, Thor"
"Bruce","Banner","February 22, 2005","Marvel Cinematic Universe","Movie","Banner, Bruce"
"Natasha","Romanoff","November 07, 1997","Marvel Cinematic Universe","Movie","Romanoff, Natasha"
"Clint","Barton","March 12, 2002","Marvel Cinematic Universe","Movie","Barton, Clint"
"Wanda","Maximoff","May 17, 2003","Marvel Cinematic Universe","Movie","Maximoff, Wanda"
"Sam","Wilson","March 25, 1981","Marvel Cinematic Universe","Movie","Wilson, Sam"
"Bucky","Barnes","March 25, 1972","Marvel Cinematic Universe","Movie","Barnes, Bucky"
"Peter","Parker","January 06, 1987","Marvel Cinematic Universe","Movie","Parker, Peter"
"Stephen","Strange","October 13, 2001","Marvel Cinematic Universe","Movie","Strange, Stephen"
"T'Challa","Udaku","June 20, 1989","Marvel Cinematic Universe","Movie","Udaku, T'Challa"
"Carol","Danvers","April 09, 1998","Marvel Cinematic Universe","Movie","Danvers, Carol"
"Scott","Lang","July 10, 1977","Marvel Cinematic Universe","Movie","Lang, Scott"
"Hope","van Dyne","February 08, 1986","Marvel Cinematic Universe","Movie","van Dyne, Hope"
"James","Rhodes","January 12, 1980","Marvel Cinematic Universe","Movie","Rhodes, James"
"Pepper","Potts","March 13, 1971","Marvel Cinematic Universe","Movie","Potts, Pepper"
"Nick","Fury","March 22, 1982","Marvel Cinematic Universe","Movie","Fury, Nick"
"Maria","Hill","October 16, 1999","Marvel Cinematic Universe","Movie","Hill, Maria"
"Sharon","Carter","April 18, 1974","Marvel Cinematic Universe","Movie","Carter, Sharon"
"Loki","Laufeyson","December 17, 2002","Marvel Cinematic Universe","Movie","Laufeyson, Loki"
"Erik","Killmonger","May 28, 1981","Marvel Cinematic Universe","Movie","Killmonger, Erik"
"Jane","Foster","February 12, 1971","Marvel Cinematic Universe","Movie","Foster, Jane"
"Johann","Schmidt","October 15, 1975","Marvel Cinematic Universe","Movie","Schmidt, Johann"
"Karl","Mordo","November 03, 1988","Marvel Cinematic Universe","Movie","Mordo, Karl"
"Christine","Palmer","August 01, 2002","Marvel Cinematic Universe","Movie","Palmer, Christine"
"Happy","Hogan","April 24, 1980","Marvel Cinematic Universe","Movie","Hogan, Happy"
"Odin","Borson","October 24, 1979","Marvel Cinematic Universe","Movie","Borson, Odin"
"Alexander","Pierce","July 18, 1997","Marvel Cinematic Universe","Movie","Pierce, Alexander"
"Brock","Rumlow","April 27, 1986","Marvel Cinematic Universe","Movie","Rumlow, Brock"
"Jasper","Sitwell","May 11, 1978","Marvel Cinematic Universe","Movie","Sitwell, Jasper"
"Arnim","Zola","February 05, 1977","Marvel Cinematic Universe","Movie","Zola, Arnim"
"Justin","Hammer","February 06, 1998","Marvel Cinematic Universe","Movie","Hammer, Justin"
"Obadiah","Stane","October 09, 1979","Marvel Cinematic Universe","Movie","Stane, Obadiah"
"Aldrich","Killian","July 06, 1980","Marvel Cinematic Universe","Movie","Killian, Aldrich"
"Maya","Hansen","December 19, 2001","Marvel Cinematic Universe","Movie","Hansen, Maya"
"Trevor","Slattery","August 27, 1996","Marvel Cinematic Universe","Movie","Slattery, Trevor"
"President","Ellis","July 04, 1999","Marvel Cinematic Universe","Movie","Ellis, President"
"Harley","Keener","December 03, 1993","Marvel Cinematic Universe","Movie","Keener, Harley"
"Cassie","Lang","April 23, 1975","Marvel Cinematic Universe","Movie","Lang, Cassie"
"Agatha","Harkness","April 10, 1999","Marvel Cinematic Universe","Movie","Harkness, Agatha"
"Billy","Maximoff","June 19, 1994","Marvel Cinematic Universe","Movie","Maximoff, Billy"
"Tommy","Maximoff","September 25, 2005","Marvel Cinematic Universe","Movie","Maximoff, Tommy"
"John","Walker","April 22, 1973","Marvel Cinematic Universe","Movie","Walker, John"
"Isaiah","Bradley","July 15, 1993","Marvel Cinematic Universe","Movie","Bradley, Isaiah"
"Karli","Morgenthau","March 08, 1984","Marvel Cinematic Universe","Movie","Morgenthau, Karli"
"Yelena","Belova","October 05, 2000","Marvel Cinematic Universe","Movie","Belova, Yelena"
"Alexei","Shostakov","September 11, 1985","Marvel Cinematic Universe","Movie","Shostakov, Alexei"
"Antonia","Dreykov","October 23, 1999","Marvel Cinematic Universe","Movie","Dreykov, Antonia"
"Kamala","Khan","September 06, 2003","Marvel Cinematic Universe","Movie","Khan, Kamala"
"Marc","Spector","June 18, 1989","Marvel Cinematic Universe","Movie","Spector, Marc"
"Arthur","Harrow","August 08, 1971","Marvel Cinematic Universe","Movie","Harrow, Arthur"
"Jen","Walters","May 25, 1980","Marvel Cinematic Universe","Movie","Walters, Jen"
"Emil","Blonsky","March 23, 1976","Marvel Cinematic Universe","Movie","Blonsky, Emil"
"Eric","Brooks","November 10, 1977","Marvel Cinematic Universe","Movie","Brooks, Eric"
"Jack","Russell","July 06, 1986","Marvel Cinematic Universe","Movie","Russell, Jack"
"Elsa","Bloodstone","December 17, 1975","Marvel Cinematic Universe","Movie","Bloodstone, Elsa"
"Namor","McKenzie","December 15, 2004","Marvel Cinematic Universe","Movie","McKenzie, Namor"
"Riri","Williams","January 05, 1989","Marvel Cinematic Universe","Movie","Williams, Riri"
"Janet","van Dyne","April 02, 1980","Marvel Cinematic Universe","Movie","van Dyne, Janet"
"Hank","Pym","March 27, 1979","Marvel Cinematic Universe","Movie","Pym, Hank"
"Kraglin","Obfonteri","June 12, 1976","Marvel Cinematic Universe","Movie","Obfonteri, Kraglin"
"Peter","Quill","May 23, 2005","Marvel Cinematic Universe","Movie","Quill, Peter"
"Monica","Rambeau","August 04, 2003","Marvel Cinematic Universe","Movie","Rambeau, Monica"
"Jimmy","Woo","October 23, 1998","Marvel Cinematic Universe","Movie","Woo, Jimmy"
"Darcy","Lewis","June 01, 1980","Marvel Cinematic Universe","Movie","Lewis, Darcy"
"Ned","Leeds","January 02, 1972","Marvel Cinematic Universe","Movie","Leeds, Ned"
"Michelle","Jones","August 26, 1971","Marvel Cinematic Universe","Movie","Jones, Michelle"
"Flash","Thompson","September 13, 1989","Marvel Cinematic Universe","Movie","Thompson, Flash"
"Liz","Toomes","August 03, 1976","Marvel Cinematic Universe","Movie","Toomes, Liz"
"Adrian","Toomes","June 16, 2000","Marvel Cinematic Universe","Movie","Toomes, Adrian"
"Quentin","Beck","August 01, 1991","Marvel Cinematic Universe","Movie","Beck, Quentin"
"Helmut","Zemo","August 24, 2000","Marvel Cinematic Universe","Movie","Zemo, Helmut"
"Taneleer","Tivan","July 05, 1999","Marvel Cinematic Universe","Movie","Tivan, Taneleer"
"Maria","Rambeau","January 26, 2001","Marvel Cinematic Universe","Movie","Rambeau, Maria"
"Howard","Stark","October 04, 1992","Marvel Cinematic Universe","Movie","Stark, Howard"
"Peggy","Carter","November 04, 1977","Marvel Cinematic Universe","Movie","Carter, Peggy"
"Abraham","Erskine","July 01, 1972","Marvel Cinematic Universe","Movie","Erskine, Abraham"
"Chester","Phillips","December 26, 1995","Marvel Cinematic Universe","Movie","Phillips, Chester"
"Gabe","Jones","July 21, 1986","Marvel Cinematic Universe","Movie","Jones, Gabe"
"Jim","Morita","June 09, 1979","Marvel Cinematic Universe","Movie","Morita, Jim"
"Jacques","Dernier","January 16, 1977","Marvel Cinematic Universe","Movie","Dernier, Jacques"
"Dum Dum","Dugan","August 14, 1971","Marvel Cinematic Universe","Movie","Dugan, Dum Dum"
"Georges","Batroc","October 08, 1981","Marvel Cinematic Universe","Movie","Batroc, Georges"
"Ulysses","Klaue","September 09, 1977","Marvel Cinematic Universe","Movie","Klaue, Ulysses"
"Ava","Starr","March 08, 2002","Marvel Cinematic Universe","Movie","Starr, Ava"
"Darren","Cross","January 09, 1971","Marvel Cinematic Universe","Movie","Cross, Darren"
"Nathaniel","Richards","April 14, 1976","Marvel Cinematic Universe","Movie","Richards, Nathaniel"
"Phil","Coulson","July 04, 1985","Marvel Cinematic Universe","Movie","Coulson, Phil"
"Melinda","May","September 27, 1981","Marvel Cinematic Universe","Movie","May, Melinda"
"Daisy","Johnson","April 10, 1982","Marvel Cinematic Universe","Movie","Johnson, Daisy"
"Leo","Fitz","September 12, 1999","Marvel Cinematic Universe","Movie","Fitz, Leo"
"Jemma","Simmons","July 25, 1977","Marvel Cinematic Universe","Movie","Simmons, Jemma"
"Grant","Ward","March 17, 1984","Marvel Cinematic Universe","Movie","Ward, Grant"
"Alphonso","Mackenzie","October 03, 1992","Marvel Cinematic Universe","Movie","Mackenzie, Alphonso"
"Elena","Rodriguez","July 04, 1975","Marvel Cinematic Universe","Movie","Rodriguez, Elena"
"Lance","Hunter","January 16, 1979","Marvel Cinematic Universe","Movie","Hunter, Lance"
"Bobbi","Morse","May 03, 1977","Marvel Cinematic Universe","Movie","Morse, Bobbi"
"Jeffrey","Mace","December 06, 1983","Marvel Cinematic Universe","Movie","Mace, Jeffrey"
"Cal","Zabo","January 20, 1978","Marvel Cinematic Universe","Movie","Zabo, Cal"
"Matt","Murdock","May 02, 1988","Marvel Cinematic Universe","Movie","Murdock, Matt"
"Jessica","Jones","December 20, 1970","Marvel Cinematic Universe","Movie","Jones, Jessica"
"Luke","Cage","April 27, 1999","Marvel Cinematic Universe","Movie","Cage, Luke"
"Danny","Rand","October 11, 1995","Marvel Cinematic Universe","Movie","Rand, Danny"
"Frank","Castle","June 04, 1974","Marvel Cinematic Universe","Movie","Castle, Frank"
"Wilson","Fisk","March 01, 1988","Marvel Cinematic Universe","Movie","Fisk, Wilson"
"Elektra","Natchios","July 09, 1974","Marvel Cinematic Universe","Movie","Natchios, Elektra"
"Karen","Page","August 17, 1994","Marvel Cinematic Universe","Movie","Page, Karen"
"Foggy","Nelson","May 24, 1990","Marvel Cinematic Universe","Movie","Nelson, Foggy"
"Claire","Temple","February 22, 1981","Marvel Cinematic Universe","Movie","Temple, Claire"
"Jeri","Hogarth","April 10, 1987","Marvel Cinematic Universe","Movie","Hogarth, Jeri"
"Trish","Walker","June 08, 1992","Marvel Cinematic Universe","Movie","Walker, Trish"
"Malcolm","Ducasse","August 11, 1970","Marvel Cinematic Universe","Movie","Ducasse, Malcolm"
"Misty","Knight","September 24, 1980","Marvel Cinematic Universe","Movie","Knight, Misty"
"Colleen","Wing","April 12, 1984","Marvel Cinematic Universe","Movie","Wing, Colleen"
"Everett","Ross","April 03, 1994","Marvel Cinematic Universe","Movie","Ross, Everett"
"Helen","Cho","April 24, 1976","Marvel Cinematic Universe","Movie","Cho, Helen"
"Laura","Barton","June 04, 1993","Marvel Cinematic Universe","Movie","Barton, Laura"
"Ivan","Vanko","November 10, 1972","Marvel Cinematic Universe","Movie","Vanko, Ivan"
"James","Kirk","July 05, 1998","Star Trek","Movie","Kirk, James"
"Leonard","McCoy","September 11, 1993","Star Trek","Movie","McCoy, Leonard"
"Nyota","Uhura","March 28, 1979","Star Trek","Movie","Uhura, Nyota"
"Hikaru","Sulu","October 13, 2000","Star Trek","Movie","Sulu, Hikaru"
"Pavel","Chekov","March 18, 1993","Star Trek","Movie","Chekov, Pavel"
"Jean-Luc","Picard","August 12, 1979","Star Trek","Movie","Picard, Jean-Luc"
"William","Riker","July 07, 2001","Star Trek","Movie","Riker, William"
"Deanna","Troi","April 01, 1986","Star Trek","Movie","Troi, Deanna"
"Beverly","Crusher","October 02, 1979","Star Trek","Movie","Crusher, Beverly"
"Geordi","La Forge","July 15, 1984","Star Trek","Movie","La Forge, Geordi"
"Kathryn","Janeway","February 06, 2004","Star Trek","Movie","Janeway, Kathryn"
"B'Elanna","Torres","July 25, 1978","Star Trek","Movie","Torres, B'Elanna"
"Tom","Paris","June 16, 1984","Star Trek","Movie","Paris, Tom"
"Harry","Kim","September 21, 1977","Star Trek","Movie","Kim, Harry"
"Benjamin","Sisko","February 24, 1978","Star Trek","Movie","Sisko, Benjamin"
"Kira","Nerys","April 07, 1980","Star Trek","Movie","Nerys, Kira"
"Julian","Bashir","June 01, 1980","Star Trek","Movie","Bashir, Julian"
"Miles","O'Brien","December 26, 1980","Star Trek","Movie","O'Brien, Miles"
"Michael","Burnham","October 25, 1990","Star Trek","Movie","Burnham, Michael"
"Sylvia","Tilly","March 02, 1972","Star Trek","Movie","Tilly, Sylvia"
"Paul","Stamets","August 02, 1997","Star Trek","Movie","Stamets, Paul"
"Hugh","Culber","July 17, 1975","Star Trek","Movie","Culber, Hugh"
"Christopher","Pike","July 13, 2001","Star Trek","Movie","Pike, Christopher"
"Una","Chin-Riley","June 11, 1977","Star Trek","Movie","Chin-Riley, Una"
"La'an","Noonien-Singh","July 23, 1986","Star Trek","Movie","Noonien-Singh, La'an"
"Christine","Chapel","January 08, 1988","Star Trek","Movie","Chapel, Christine"
"Erica","Ortegas","October 27, 1984","Star Trek","Movie","Ortegas, Erica"
"Joseph","M'Benga","January 18, 1986","Star Trek","Movie","M'Benga, Joseph"
"Wesley","Crusher","April 27, 1987","Star Trek","Movie","Crusher, Wesley"
"Tasha","Yar","May 09, 1979","Star Trek","Movie","Yar, Tasha"
"Ro","Laren","March 23, 2000","Star Trek","Movie","Laren, Ro"
"Reginald","Barclay","December 12, 1987","Star Trek","Movie","Barclay, Reginald"
"Elim","Garak","May 24, 1997","Star Trek","Movie","Garak, Elim"
"Amanda","Grayson","April 23, 2005","Star Trek","Movie","Grayson, Amanda"
"Will","Decker","February 18, 1974","Star Trek","Movie","Decker, Will"
"Khan","Noonien Singh","November 19, 1981","Star Trek","Movie","Noonien Singh, Khan"
"Carol","Marcus","October 09, 1987","Star Trek","Movie","Marcus, Carol"
"David","Marcus","June 19, 2004","Star Trek","Movie","Marcus, David"
"Montgomery","Scott","January 02, 1977","Star Trek","Movie","Scott, Montgomery"
"Janice","Rand","May 04, 1974","Star Trek","Movie","Rand, Janice"
"Gabriel","Lorca","July 03, 1996","Star Trek","Movie","Lorca, Gabriel"
"Ash","Tyler","October 07, 1984","Star Trek","Movie","Tyler, Ash"
"Philippa","Georgiou","February 18, 1976","Star Trek","Movie","Georgiou, Philippa"
"Jet","Reno","March 08, 1987","Star Trek","Movie","Reno, Jet"
"Raffi","Musiker","January 07, 1978","Star Trek","Movie","Musiker, Raffi"
"Agnes","Jurati","August 01, 1999","Star Trek","Movie","Jurati, Agnes"
"Cristobal","Rios","March 25, 1978","Star Trek","Movie","Rios, Cristobal"
"Jonathan","Archer","November 04, 1971","Star Trek","Movie","Archer, Jonathan"
"Charles","Tucker","November 28, 1989","Star Trek","Movie","Tucker, Charles"
"Malcolm","Reed","June 14, 1987","Star Trek","Movie","Reed, Malcolm"
"Hoshi","Sato","December 23, 1972","Star Trek","Movie","Sato, Hoshi"
"Travis","Mayweather","December 07, 1972","Star Trek","Movie","Mayweather, Travis"
"Garth","of Izar","July 23, 1992","Star Trek","Movie","of Izar, Garth"
"Gary","Mitchell","August 01, 1993","Star Trek","Movie","Mitchell, Gary"
"Elizabeth","Dehner","September 17, 1998","Star Trek","Movie","Dehner, Elizabeth"
"Naomi","Wildman","September 10, 1975","Star Trek","Movie","Wildman, Naomi"
"Jake","Sisko","August 12, 1995","Star Trek","Movie","Sisko, Jake"
"Worf","Rozhenko","August 16, 2001","Star Trek","Movie","Rozhenko, Worf"
"Data","Soong","July 01, 2001","Star Trek","Movie","Soong, Data"
"Lwaxana","Troi","October 25, 1999","Star Trek","Movie","Troi, Lwaxana"
"Katherine","Pulaski","August 22, 1972","Star Trek","Movie","Pulaski, Katherine"
"Jadzia","Dax","April 03, 1986","Star Trek","Movie","Dax, Jadzia"
"Ezri","Dax","May 23, 1983","Star Trek","Movie","Dax, Ezri"
"Zefram","Cochrane","August 20, 1993","Star Trek","Movie","Cochrane, Zefram"
"Katniss","Everdeen","June 18, 1979","The Hunger Games","Movie","Everdeen, Katniss"
"Peeta","Mellark","September 03, 1986","The Hunger Games","Movie","Mellark, Peeta"
"Gale","Hawthorne","September 16, 1990","The Hunger Games","Movie","Hawthorne, Gale"
"Haymitch","Abernathy","March 03, 1995","The Hunger Games","Movie","Abernathy, Haymitch"
"Effie","Trinket","April 15, 1995","The Hunger Games","Movie","Trinket, Effie"
"Coriolanus","Snow","December 19, 1994","The Hunger Games","Movie","Snow, Coriolanus"
"Primrose","Everdeen","December 22, 1998","The Hunger Games","Movie","Everdeen, Primrose"
"Finnick","Odair","September 20, 1990","The Hunger Games","Movie","Odair, Finnick"
"Johanna","Mason","March 23, 1998","The Hunger Games","Movie","Mason, Johanna"
"Beetee","Latier","August 13, 1974","The Hunger Games","Movie","Latier, Beetee"
"Plutarch","Heavensbee","December 12, 1992","The Hunger Games","Movie","Heavensbee, Plutarch"
"Alma","Coin","June 24, 1977","The Hunger Games","Movie","Coin, Alma"
"Madge","Undersee","November 23, 1985","The Hunger Games","Movie","Undersee, Madge"
"Romulus","Thread","November 12, 1999","The Hunger Games","Movie","Thread, Romulus"
"Seneca","Crane","January 22, 1984","The Hunger Games","Movie","Crane, Seneca"
"Claudius","Templesmith","June 10, 1979","The Hunger Games","Movie","Templesmith, Claudius"
"Caesar","Flickerman","September 25, 2005","The Hunger Games","Movie","Flickerman, Caesar"
"Volumnia","Gaul","October 20, 1999","The Hunger Games","Movie","Gaul, Volumnia"
"Sejanus","Plinth","September 19, 1996","The Hunger Games","Movie","Plinth, Sejanus"
"Lucy","Gray Baird","February 23, 2004","The Hunger Games","Movie","Gray Baird, Lucy"
"Maude","Ivory Baird","January 03, 1981","The Hunger Games","Movie","Ivory Baird, Maude"
"Clemensia","Dovecote","July 13, 1998","The Hunger Games","Movie","Dovecote, Clemensia"
"Lysistrata","Vickers","September 15, 2003","The Hunger Games","Movie","Vickers, Lysistrata"
"Casca","Highbottom","October 09, 1970","The Hunger Games","Movie","Highbottom, Casca"
"Lucky","Flickerman","June 07, 1992","The Hunger Games","Movie","Flickerman, Lucky"
"Strabo","Plinth","October 16, 1985","The Hunger Games","Movie","Plinth, Strabo"
"Billy","Taupe","February 14, 1971","The Hunger Games","Movie","Taupe, Billy"
"Mayfair","Lipp","December 21, 1999","The Hunger Games","Movie","Lipp, Mayfair"
"Arachne","Crane","October 27, 1992","The Hunger Games","Movie","Crane, Arachne"
"Jack","Sparrow","September 07, 1999","Pirates of the Caribbean","Movie","Sparrow, Jack"
"Will","Turner","April 03, 1975","Pirates of the Caribbean","Movie","Turner, Will"
"Elizabeth","Swann","December 12, 1979","Pirates of the Caribbean","Movie","Swann, Elizabeth"
"Hector","Barbossa","January 12, 1972","Pirates of the Caribbean","Movie","Barbossa, Hector"
"James","Norrington","April 19, 2002","Pirates of the Caribbean","Movie","Norrington, James"
"Joshamee","Gibbs","February 15, 1982","Pirates of the Caribbean","Movie","Gibbs, Joshamee"
"Davy","Jones","July 18, 1982","Pirates of the Caribbean","Movie","Jones, Davy"
"Bootstrap Bill","Turner","April 04, 1995","Pirates of the Caribbean","Movie","Turner, Bootstrap Bill"
"Tia","Dalma","September 11, 1972","Pirates of the Caribbean","Movie","Dalma, Tia"
"Cutler","Beckett","November 06, 1999","Pirates of the Caribbean","Movie","Beckett, Cutler"
"Sao","Feng","May 02, 2001","Pirates of the Caribbean","Movie","Feng, Sao"
"Governor Weatherby","Swann","January 05, 1991","Pirates of the Caribbean","Movie","Swann, Governor Weatherby"
"Philip","Swift","March 03, 1984","Pirates of the Caribbean","Movie","Swift, Philip"
"Edward","Teach","June 25, 1996","Pirates of the Caribbean","Movie","Teach, Edward"
"Angelica","Teach","November 03, 1984","Pirates of the Caribbean","Movie","Teach, Angelica"
"Armando","Salazar","February 05, 1999","Pirates of the Caribbean","Movie","Salazar, Armando"
"Henry","Turner","July 02, 1974","Pirates of the Caribbean","Movie","Turner, Henry"
"Carina","Smyth","August 23, 1985","Pirates of the Caribbean","Movie","Smyth, Carina"
"Teague","Sparrow","August 21, 1992","Pirates of the Caribbean","Movie","Sparrow, Teague"
"Margaret","Smyth","March 09, 1987","Pirates of the Caribbean","Movie","Smyth, Margaret"
"Lana","Turner","March 05, 1988","Pirates of the Caribbean","Movie","Turner, Lana"
"Margarita","Swann","July 08, 1985","Pirates of the Caribbean","Movie","Swann, Margarita"
"David","Jones","October 20, 2001","Pirates of the Caribbean","Movie","Jones, David"
"Sarah","Turner","July 24, 2004","Pirates of the Caribbean","Movie","Turner, Sarah"
"William","Turner Sr.","July 25, 1986","Pirates of the Caribbean","Movie","Turner Sr., William"
"Elizabeth","Swann Jr.","March 26, 1982","Pirates of the Caribbean","Movie","Swann Jr., Elizabeth"
"James","Gibbs","April 25, 1982","Pirates of the Caribbean","Movie","Gibbs, James"
"Maria","Barbossa","May 16, 1998","Pirates of the Caribbean","Movie","Barbossa, Maria"
"Thomas","Norrington","May 22, 1978","Pirates of the Caribbean","Movie","Norrington, Thomas"
"Hannah","Gibbs","December 22, 1991","Pirates of the Caribbean","Movie","Gibbs, Hannah"
"Paul","Atreides","April 15, 1993","Dune","Movie","Atreides, Paul"
"Jessica","Atreides","July 07, 2000","Dune","Movie","Atreides, Jessica"
"Leto","Atreides","January 23, 1977","Dune","Movie","Atreides, Leto"
"Gurney","Halleck","July 21, 1995","Dune","Movie","Halleck, Gurney"
"Duncan","Idaho","July 07, 1986","Dune","Movie","Idaho, Duncan"
"Thufir","Hawat","March 28, 1981","Dune","Movie","Hawat, Thufir"
"Vladimir","Harkonnen","September 17, 1988","Dune","Movie","Harkonnen, Vladimir"
"Glossu","Rabban","July 06, 1978","Dune","Movie","Rabban, Glossu"
"Piter","De Vries","December 08, 2002","Dune","Movie","De Vries, Piter"
"Gaius Helen","Mohiam","October 09, 1974","Dune","Movie","Mohiam, Gaius Helen"
"Irulan","Corrino","May 14, 1997","Dune","Movie","Corrino, Irulan"
"Feyd-Rautha","Harkonnen","January 16, 1988","Dune","Movie","Harkonnen, Feyd-Rautha"
"Margot","Fenring","December 20, 1975","Dune","Movie","Fenring, Margot"
"Hasimir","Fenring","September 14, 1977","Dune","Movie","Fenring, Hasimir"
"Wellington","Yueh","September 08, 2000","Dune","Movie","Yueh, Wellington"
"Liet","Kynes","May 14, 1993","Dune","Movie","Kynes, Liet"
"Jon","Snow","January 05, 2002","Game of Thrones","TV","Snow, Jon"
"Daenerys","Targaryen","April 03, 2004","Game of Thrones","TV","Targaryen, Daenerys"
"Tyrion","Lannister","October 12, 1987","Game of Thrones","TV","Lannister, Tyrion"
"Cersei","Lannister","October 12, 1972","Game of Thrones","TV","Lannister, Cersei"
"Jaime","Lannister","January 05, 1977","Game of Thrones","TV","Lannister, Jaime"
"Arya","Stark","June 02, 1988","Game of Thrones","TV","Stark, Arya"
"Sansa","Stark","July 17, 1986","Game of Thrones","TV","Stark, Sansa"
"Bran","Stark","March 18, 1977","Game of Thrones","TV","Stark, Bran"
"Ned","Stark","March 05, 1995","Game of Thrones","TV","Stark, Ned"
"Robert","Baratheon","December 24, 1998","Game of Thrones","TV","Baratheon, Robert"
"Joffrey","Baratheon","February 20, 1970","Game of Thrones","TV","Baratheon, Joffrey"
"Margaery","Tyrell","May 10, 1976","Game of Thrones","TV","Tyrell, Margaery"
"Samwell","Tarly","August 17, 2005","Game of Thrones","TV","Tarly, Samwell"
"Davos","Seaworth","May 07, 2000","Game of Thrones","TV","Seaworth, Davos"
"Petyr","Baelish","December 13, 1991","Game of Thrones","TV","Baelish, Petyr"
"Theon","Greyjoy","December 01, 1979","Game of Thrones","TV","Greyjoy, Theon"
"Yara","Greyjoy","July 02, 1983","Game of Thrones","TV","Greyjoy, Yara"
"Ramsay","Bolton","May 15, 1979","Game of Thrones","TV","Bolton, Ramsay"
"Roose","Bolton","February 14, 1988","Game of Thrones","TV","Bolton, Roose"
"Oberyn","Martell","February 19, 1991","Game of Thrones","TV","Martell, Oberyn"
"Brienne","Tarth","November 20, 1972","Game of Thrones","TV","Tarth, Brienne"
"Sandor","Clegane","September 01, 1987","Game of Thrones","TV","Clegane, Sandor"
"Gregor","Clegane","January 06, 1984","Game of Thrones","TV","Clegane, Gregor"
"Tywin","Lannister","June 08, 2002","Game of Thrones","TV","Lannister, Tywin"
"Olenna","Tyrell","December 02, 1979","Game of Thrones","TV","Tyrell, Olenna"
"Robb","Stark","February 05, 1995","Game of Thrones","TV","Stark, Robb"
"Rickon","Stark","June 22, 2004","Game of Thrones","TV","Stark, Rickon"
"Benjen","Stark","June 20, 1978","Game of Thrones","TV","Stark, Benjen"
"Lyanna","Mormont","February 07, 1999","Game of Thrones","TV","Mormont, Lyanna"
"Jorah","Mormont","November 28, 1983","Game of Thrones","TV","Mormont, Jorah"
"Kevan","Lannister","January 12, 1989","Game of Thrones","TV","Lannister, Kevan"
"Lancel","Lannister","December 19, 1993","Game of Thrones","TV","Lannister, Lancel"
"Stannis","Baratheon","December 06, 1994","Game of Thrones","TV","Baratheon, Stannis"
"Renly","Baratheon","December 12, 1972","Game of Thrones","TV","Baratheon, Renly"
"Shireen","Baratheon","March 11, 1980","Game of Thrones","TV","Baratheon, Shireen"
"Viserys","Targaryen","June 11, 2005","Game of Thrones","TV","Targaryen, Viserys"
"Rhaegar","Targaryen","February 07, 1996","Game of Thrones","TV","Targaryen, Rhaegar"
"Aemon","Targaryen","July 04, 1975","Game of Thrones","TV","Targaryen, Aemon"
"Balon","Greyjoy","April 09, 1997","Game of Thrones","TV","Greyjoy, Balon"
"Euron","Greyjoy","November 11, 1974","Game of Thrones","TV","Greyjoy, Euron"
"Doran","Martell","March 28, 1978","Game of Thrones","TV","Martell, Doran"
"Trystane","Martell","December 11, 1984","Game of Thrones","TV","Martell, Trystane"
"Ellaria","Sand","January 09, 1998","Game of Thrones","TV","Sand, Ellaria"
"Loras","Tyrell","December 19, 1994","Game of Thrones","TV","Tyrell, Loras"
"Mace","Tyrell","November 15, 1976","Game of Thrones","TV","Tyrell, Mace"
"Walder","Frey","October 14, 1978","Game of Thrones","TV","Frey, Walder"
"Edmure","Tully","March 11, 1993","Game of Thrones","TV","Tully, Edmure"
"Brynden","Tully","September 09, 2002","Game of Thrones","TV","Tully, Brynden"
"Lysa","Arryn","August 17, 1992","Game of Thrones","TV","Arryn, Lysa"
"Robin","Arryn","August 18, 1979","Game of Thrones","TV","Arryn, Robin"
"Gendry","Baratheon","June 25, 1993","Game of Thrones","TV","Baratheon, Gendry"
"Geralt","Rivia","July 12, 1976","The Witcher","Game","Rivia, Geralt"
"Yennefer","Vengerberg","March 03, 1985","The Witcher","Game","Vengerberg, Yennefer"
"Triss","Merigold","February 28, 1990","The Witcher","Game","Merigold, Triss"
"Jaskier","Pankratz","October 01, 2005","The Witcher","Game","Pankratz, Jaskier"
"Vilgefortz","Roggeveen","May 10, 1995","The Witcher","Game","Roggeveen, Vilgefortz"
"Emhyr","Emreis","June 25, 1990","The Witcher","Game","Emreis, Emhyr"
"Ciri","Fiona","December 01, 2004","The Witcher","Game","Fiona, Ciri"
"Fringilla","Vigo","February 01, 1982","The Witcher","Game","Vigo, Fringilla"
"Cahir","Mawr","September 02, 1993","The Witcher","Game","Mawr, Cahir"
"Tissaia","Vries","December 27, 2000","The Witcher","Game","Vries, Tissaia"
"Percy","Jackson","June 01, 2004","Percy Jackson","Book","Jackson, Percy"
"Annabeth","Chase","February 05, 1992","Percy Jackson","Book","Chase, Annabeth"
"Grover","Underwood","November 19, 1979","Percy Jackson","Book","Underwood, Grover"
"Luke","Castellan","July 16, 1985","Percy Jackson","Book","Castellan, Luke"
"Thalia","Grace","April 19, 1988","Percy Jackson","Book","Grace, Thalia"
"Clarisse","La Rue","February 13, 2004","Percy Jackson","Book","La Rue, Clarisse"
"Nico","di Angelo","April 22, 2005","Percy Jackson","Book","di Angelo, Nico"
"Jason","Grace","September 21, 1972","Percy Jackson","Book","Grace, Jason"
"Piper","McLean","May 19, 1974","Percy Jackson","Book","McLean, Piper"
"Leo","Valdez","July 14, 1999","Percy Jackson","Book","Valdez, Leo"
"Frank","Zhang","February 17, 1986","Percy Jackson","Book","Zhang, Frank"
"Hazel","Levesque","August 01, 1980","Percy Jackson","Book","Levesque, Hazel"
"Will","Solace","October 02, 2003","Percy Jackson","Book","Solace, Will"
"Rachel","Dare","December 03, 1982","Percy Jackson","Book","Dare, Rachel"
"Cloud","Strife","November 22, 2002","Final Fantasy VII","Game","Strife, Cloud"
"Tifa","Lockhart","August 17, 1980","Final Fantasy VII","Game","Lockhart, Tifa"
"Aerith","Gainsborough","December 15, 1973","Final Fantasy VII","Game","Gainsborough, Aerith"
"Barret","Wallace","March 27, 1983","Final Fantasy VII","Game","Wallace, Barret"
"Sephiroth","Crescent","January 06, 1980","Final Fantasy VII","Game","Crescent, Sephiroth"
"Zack","Fair","May 17, 1988","Final Fantasy VII","Game","Fair, Zack"
"Vincent","Valentine","May 17, 1975","Final Fantasy VII","Game","Valentine, Vincent"
"Reeve","Tuesti","September 11, 1993","Final Fantasy VII","Game","Tuesti, Reeve"
"Rand","al'Thor","May 11, 1983","Wheel of Time","Book","al'Thor, Rand"
"Mat","Cauthon","April 04, 1999","Wheel of Time","Book","Cauthon, Mat"
"Perrin","Aybara","November 28, 1973","Wheel of Time","Book","Aybara, Perrin"
"Egwene","al'Vere","April 06, 1990","Wheel of Time","Book","al'Vere, Egwene"
"Nynaeve","al'Meara","November 17, 1989","Wheel of Time","Book","al'Meara, Nynaeve"
"Moiraine","Damodred","August 21, 1980","Wheel of Time","Book","Damodred, Moiraine"
"Lan","Mandragoran","October 19, 2001","Wheel of Time","Book","Mandragoran, Lan"
"Thom","Merrilin","February 12, 1970","Wheel of Time","Book","Merrilin, Thom"
"Siuan","Sanche","March 16, 1983","Wheel of Time","Book","Sanche, Siuan"
"Elayne","Trakand","October 04, 1989","Wheel of Time","Book","Trakand, Elayne"
"Min","Farshaw","October 01, 1973","Wheel of Time","Book","Farshaw, Min"
"Faile","Bashere","January 21, 1994","Wheel of Time","Book","Bashere, Faile"
"Gawyn","Trakand","January 07, 2005","Wheel of Time","Book","Trakand, Gawyn"
"Galad","Damodred","September 06, 1974","Wheel of Time","Book","Damodred, Galad"
"Padan","Fain","March 09, 2000","Wheel of Time","Book","Fain, Padan"
"Logain","Ablar","November 06, 2004","Wheel of Time","Book","Ablar, Logain"
"Mazrim","Taim","January 13, 1987","Wheel of Time","Book","Taim, Mazrim"
"Verin","Mathwin","October 21, 1998","Wheel of Time","Book","Mathwin, Verin"
"Alanna","Mosvani","January 06, 1985","Wheel of Time","Book","Mosvani, Alanna"
"Cadsuane","Melaidhrin","November 22, 1984","Wheel of Time","Book","Melaidhrin, Cadsuane"
"John","Shepard","January 06, 1977","Mass Effect","Game","Shepard, John"
"Jane","Shepard","June 05, 1991","Mass Effect","Game","Shepard, Jane"
"Liara","T'Soni","September 10, 1995","Mass Effect","Game","T'Soni, Liara"
"Garrus","Vakarian","September 21, 1972","Mass Effect","Game","Vakarian, Garrus"
"Tali","Zorah","February 22, 1992","Mass Effect","Game","Zorah, Tali"
"Urdnot","Wrex","September 19, 1992","Mass Effect","Game","Wrex, Urdnot"
"Mordin","Solus","June 06, 1994","Mass Effect","Game","Solus, Mordin"
"Kaidan","Alenko","June 17, 1973","Mass Effect","Game","Alenko, Kaidan"
"Ashley","Williams","October 07, 1975","Mass Effect","Game","Williams, Ashley"
"Jeff","Moreau","November 07, 2001","Mass Effect","Game","Moreau, Jeff"
"David","Anderson","May 01, 1980","Mass Effect","Game","Anderson, David"
"Saren","Arterius","January 28, 1977","Mass Effect","Game","Arterius, Saren"
"Jack","Harper","August 07, 1999","Mass Effect","Game","Harper, Jack"
"Miranda","Lawson","January 24, 1972","Mass Effect","Game","Lawson, Miranda"
"Jacob","Taylor","November 24, 1984","Mass Effect","Game","Taylor, Jacob"
"Thane","Krios","September 14, 1992","Mass Effect","Game","Krios, Thane"
"Zaeed","Massani","December 17, 1996","Mass Effect","Game","Massani, Zaeed"
"Kasumi","Goto","January 22, 1977","Mass Effect","Game","Goto, Kasumi"
"James","Vega","May 26, 2003","Mass Effect","Game","Vega, James"
